INSERT INTO PLATOS (PLATO_ID,NOMBRE,PRECIO,FOTO,DESCRIPCION,SECCION) VALUES (01001,'Jamon Iberico',18,'https://cdn.shopify.com/s/files/1/1589/5089/files/Jamon-iberico_1024x1024.jpg?v=1526041502','Servido con pan tumaca',1);
INSERT INTO PLATOS (PLATO_ID,NOMBRE,PRECIO,FOTO,DESCRIPCION,SECCION) VALUES (01002,'Patatas Bravas',7.50,'https://upload.wikimedia.org/wikipedia/commons/1/16/Patatas_bravas_madrid.jpg','',1);
INSERT INTO PLATOS (PLATO_ID,NOMBRE,PRECIO,FOTO,DESCRIPCION,SECCION) VALUES (01003,'Secreto Iberico a la Plancha',17.50,'https://lacocinadelentula.files.wordpress.com/2012/08/dscn8711.jpg','con esparragos trigueros',2);
INSERT INTO PLATOS (PLATO_ID,NOMBRE,PRECIO,FOTO,DESCRIPCION,SECCION) VALUES (01004,'Entrecot',17.50,'https://i.blogs.es/31bbf8/entrecot-lomo-bajo-patatas-pimientos-padron/1366_2000.jpg','con patatas fritas y pimientos de padron',2);
INSERT INTO PLATOS (PLATO_ID,NOMBRE,PRECIO,FOTO,DESCRIPCION,SECCION) VALUES (01005,'Flan de Queso',4,'https://www.recetasderechupete.com/wp-content/uploads/2015/07/flan_de_queso.jpg?width=1200&enable=upscale','',3);
INSERT INTO PLATOS (PLATO_ID,NOMBRE,PRECIO,FOTO,DESCRIPCION,SECCION) VALUES (01006,'Nestea',2.5,'https://sgfm.elcorteingles.es/SGFM/dctm/MEDIA03/202009/18/00118614000695____7__600x600.jpg','',4);
INSERT INTO PLATOS (PLATO_ID,NOMBRE,PRECIO,FOTO,DESCRIPCION,SECCION) VALUES (01007,'Agua',2,'https://www.pizzeriadolomiti.es/wp-content/uploads/2016/09/45.jpg','',4);
INSERT INTO PLATOS (PLATO_ID,NOMBRE,PRECIO,FOTO,DESCRIPCION,SECCION) VALUES (01009,'Queso Manchego',13.5,'https://www.restaurantesmadridmadriz.es/wp-content/uploads/2020/05/queso-oblicua.jpg','',1);
INSERT INTO PLATOS (PLATO_ID,NOMBRE,PRECIO,FOTO,DESCRIPCION,SECCION) VALUES (01010,'Ensaladilla Rusa Casera',12.5,'https://1.bp.blogspot.com/-Fn2AoVeBs3o/YLWEQhOr6ZI/AAAAAAAACds/3ARn_bU6hUoBjly1wyagCsFWT2uwhNGYACLcBGAsYHQ/s0/ensaladilla-rusa-casera.jpg','',1);
INSERT INTO PLATOS (PLATO_ID,NOMBRE,PRECIO,FOTO,DESCRIPCION,SECCION) VALUES (01011,'Ensalada de Tomate y Ventresca',12.5,'https://content-cocina.lecturas.com/medio/2018/07/19/tomate-con-ventresca-de-atun_de51e707_800x800.jpg','',1);
INSERT INTO PLATOS (PLATO_ID,NOMBRE,PRECIO,FOTO,DESCRIPCION,SECCION) VALUES (01012,'Croquetas',11.5,'https://www.recetasderechupete.com/wp-content/uploads/2020/05/Croquetas-de-pollo-asado.jpg','de jamón o chipirón',1);
INSERT INTO PLATOS (PLATO_ID,NOMBRE,PRECIO,FOTO,DESCRIPCION,SECCION) VALUES (01013,'Calamares',13.5,'https://cocina-casera.com/wp-content/uploads/2015/05/calamares-romana.jpg','a la romana',1);
INSERT INTO PLATOS (PLATO_ID,NOMBRE,PRECIO,FOTO,DESCRIPCION,SECCION) VALUES (01014,'Sandwich Mixto',5,'https://www.vips.es/sites/default/files/styles/optimize/public/vips-750x500-sandwich-mixto.jpg?itok=PEfrmzTe','con patatas fritas',2);
INSERT INTO PLATOS (PLATO_ID,NOMBRE,PRECIO,FOTO,DESCRIPCION,SECCION) VALUES (01015,'Pepito de Ternera',6,'https://i.blogs.es/a8aaf5/pepito/840_560.jpg','',2);
INSERT INTO PLATOS (PLATO_ID,NOMBRE,PRECIO,FOTO,DESCRIPCION,SECCION) VALUES (01016,'Huevos Rotos con Jamón Ibérico',17,'https://lacocinademasito.com/wp-content/uploads/huevos-rotos-con-jamon-y-patatas.jpg','',2);
INSERT INTO PLATOS (PLATO_ID,NOMBRE,PRECIO,FOTO,DESCRIPCION,SECCION) VALUES (01017,'Arroz con Leche',5.5,'https://t2.rg.ltmcdn.com/es/posts/0/3/0/arroz_con_leche_nestle_36030_600.jpg','',3);
INSERT INTO PLATOS (PLATO_ID,NOMBRE,PRECIO,FOTO,DESCRIPCION,SECCION) VALUES (01018,'Tarta de la Abuela',6.5,'https://cdn.elcocinerocasero.com/imagen/receta/1000/2021-12-05-20-52-48/tarta-de-la-abuela.jpeg','chocolate, galleta y nata',3);
INSERT INTO PLATOS (PLATO_ID,NOMBRE,PRECIO,FOTO,DESCRIPCION,SECCION) VALUES (01019,'Coca Cola',2.5,'https://www.encopadebalon.com/3493-large_default/coca-cola-lata-33cl-caja-24unid.jpg','',4);
INSERT INTO PLATOS (PLATO_ID,NOMBRE,PRECIO,FOTO,DESCRIPCION,SECCION) VALUES (01020,'Sprite',2.5,'https://decapote.com/1047-full_default/sprite-lata-33-cl-pack-24-und.jpg','',4);
INSERT INTO PLATOS (PLATO_ID,NOMBRE,PRECIO,FOTO,DESCRIPCION,SECCION) VALUES (01021,'Cerveza',3,'https://www.cocinista.es/download/bancorecursos/productos4/17112b-vaso-de-cerveza-brotto-565cc-viejo-valle.jpg','',4);

INSERT INTO PLATOS (PLATO_ID,NOMBRE,PRECIO,FOTO,DESCRIPCION,SECCION) VALUES (02011,'Totopos',13.5,'https://cdn.recetas360.com/wp-content/uploads/2019/07/receta-nachos-con-carne-guacamole-queso-frijoles.jpeg','con carne y queso',1);
INSERT INTO PLATOS (PLATO_ID,NOMBRE,PRECIO,FOTO,DESCRIPCION,SECCION) VALUES (02012,'Quesadillas',11,'https://i.blogs.es/2a00ea/quesadilla_vertical/650_1200.jpg','de jamón y queso',1);
INSERT INTO PLATOS (PLATO_ID,NOMBRE,PRECIO,FOTO,DESCRIPCION,SECCION) VALUES (02013,'Queso Planchado',10.5,'https://blog.pizcadesabor.com/wp-content/uploads/2013/09/Chorizo-1.jpg','con chorizo',1);
INSERT INTO PLATOS (PLATO_ID,NOMBRE,PRECIO,FOTO,DESCRIPCION,SECCION) VALUES (02014,'Tacos (4ud)',7,'https://www.hola.com/imagenes/cocina/noticiaslibros/20210917196161/recetas-tacos-mexicanos/0-995-197/portada-tacos-age-m.jpg','a elegir entre: carne al pastor, tinga de pollo o cochinita pibil',2);
INSERT INTO PLATOS (PLATO_ID,NOMBRE,PRECIO,FOTO,DESCRIPCION,SECCION) VALUES (02015,'Tacos (8ud)',13.5,'https://www.hola.com/imagenes/cocina/noticiaslibros/20210917196161/recetas-tacos-mexicanos/0-995-197/portada-tacos-age-m.jpg','a elegir entre: carne al pastor, tinga de pollo o cochinita pibil',2);
INSERT INTO PLATOS (PLATO_ID,NOMBRE,PRECIO,FOTO,DESCRIPCION,SECCION) VALUES (02016,'Crepas con Cajeta',5.9,'https://cdn.kiwilimon.com/recetaimagen/285/th5-640x640-2673.jpg','',3);

INSERT INTO RESTAURANTES (RESTAURANTE_ID,NOMBRE,DIRECCION,FOTO) VALUES (01,'Casa Pablo','Calle Pechofrio Sainz 55','https://static.guiarepsol.com/fichas-gr/media/thumbnails/filer_public/b0/13/b0131f7f-888b-4a6a-b27d-c21cc0160d3a/tmptmp7kqjkuij8c2016f7a3114746bf45a7cf32afd033_1284x850_q75_middle.jpeg');
INSERT INTO RESTAURANTES (RESTAURANTE_ID,NOMBRE,DIRECCION,FOTO) VALUES (02,'Casa Alex','Calle Sainz Campeon 55','https://img.restaurantguru.com/c3f8-Restaurante-Casa-Alex-Alcala-de-Henares-interior.jpg');

INSERT INTO REST_PLATO (RESTAURANTE_ID,PLATO_ID) VALUES (01,01001);
INSERT INTO REST_PLATO (RESTAURANTE_ID,PLATO_ID) VALUES (01,01002);
INSERT INTO REST_PLATO (RESTAURANTE_ID,PLATO_ID) VALUES (01,01003);
INSERT INTO REST_PLATO (RESTAURANTE_ID,PLATO_ID) VALUES (01,01004);
INSERT INTO REST_PLATO (RESTAURANTE_ID,PLATO_ID) VALUES (01,01005);
INSERT INTO REST_PLATO (RESTAURANTE_ID,PLATO_ID) VALUES (01,01006);
INSERT INTO REST_PLATO (RESTAURANTE_ID,PLATO_ID) VALUES (01,01007);
INSERT INTO REST_PLATO (RESTAURANTE_ID,PLATO_ID) VALUES (01,01009);
INSERT INTO REST_PLATO (RESTAURANTE_ID,PLATO_ID) VALUES (01,01010);
INSERT INTO REST_PLATO (RESTAURANTE_ID,PLATO_ID) VALUES (01,01011);
INSERT INTO REST_PLATO (RESTAURANTE_ID,PLATO_ID) VALUES (01,01012);
INSERT INTO REST_PLATO (RESTAURANTE_ID,PLATO_ID) VALUES (01,01013);
INSERT INTO REST_PLATO (RESTAURANTE_ID,PLATO_ID) VALUES (01,01014);
INSERT INTO REST_PLATO (RESTAURANTE_ID,PLATO_ID) VALUES (01,01015);
INSERT INTO REST_PLATO (RESTAURANTE_ID,PLATO_ID) VALUES (01,01016);
INSERT INTO REST_PLATO (RESTAURANTE_ID,PLATO_ID) VALUES (01,01017);
INSERT INTO REST_PLATO (RESTAURANTE_ID,PLATO_ID) VALUES (01,01018);
INSERT INTO REST_PLATO (RESTAURANTE_ID,PLATO_ID) VALUES (01,01019);
INSERT INTO REST_PLATO (RESTAURANTE_ID,PLATO_ID) VALUES (01,01020);
INSERT INTO REST_PLATO (RESTAURANTE_ID,PLATO_ID) VALUES (01,01021);

INSERT INTO REST_PLATO (RESTAURANTE_ID,PLATO_ID) VALUES (02,01006);
INSERT INTO REST_PLATO (RESTAURANTE_ID,PLATO_ID) VALUES (02,01007);
INSERT INTO REST_PLATO (RESTAURANTE_ID,PLATO_ID) VALUES (02,01019);
INSERT INTO REST_PLATO (RESTAURANTE_ID,PLATO_ID) VALUES (02,01020);
INSERT INTO REST_PLATO (RESTAURANTE_ID,PLATO_ID) VALUES (02,01021);
INSERT INTO REST_PLATO (RESTAURANTE_ID,PLATO_ID) VALUES (02,02011);
INSERT INTO REST_PLATO (RESTAURANTE_ID,PLATO_ID) VALUES (02,02012);
INSERT INTO REST_PLATO (RESTAURANTE_ID,PLATO_ID) VALUES (02,02013);
INSERT INTO REST_PLATO (RESTAURANTE_ID,PLATO_ID) VALUES (02,02014);
INSERT INTO REST_PLATO (RESTAURANTE_ID,PLATO_ID) VALUES (02,02015);
INSERT INTO REST_PLATO (RESTAURANTE_ID,PLATO_ID) VALUES (02,02016);

INSERT INTO PEDIDOS (PEDIDO_ID,MESA,PRECIO,ESTADO,RESTAURANTE_ID) VALUES (1,25,29,2,01);
INSERT INTO PEDIDOS (PEDIDO_ID,MESA,PRECIO,ESTADO,RESTAURANTE_ID) VALUES (2,2,8,1,01);
INSERT INTO PEDIDOS (PEDIDO_ID,MESA,PRECIO,ESTADO,RESTAURANTE_ID) VALUES (3,19,63,3,01);
INSERT INTO PEDIDOS (PEDIDO_ID,MESA,PRECIO,ESTADO,RESTAURANTE_ID) VALUES (4,5,12.9,1,02);
INSERT INTO PEDIDOS (PEDIDO_ID,MESA,PRECIO,ESTADO,RESTAURANTE_ID) VALUES (5,3,58.2,1,02);
INSERT INTO PEDIDOS (PEDIDO_ID,MESA,PRECIO,ESTADO,RESTAURANTE_ID) VALUES (6,4,24,2,02);

INSERT INTO PEDIDO_PLATO (PEDIDO_ID,PLATO_ID,NUM_PLATOS) VALUES(1,01002,1);
INSERT INTO PEDIDO_PLATO (PEDIDO_ID,PLATO_ID,NUM_PLATOS) VALUES(1,01003,1);
INSERT INTO PEDIDO_PLATO (PEDIDO_ID,PLATO_ID,NUM_PLATOS) VALUES(1,01005,1);
INSERT INTO PEDIDO_PLATO (PEDIDO_ID,PLATO_ID,NUM_PLATOS) VALUES(2,01005,2);
INSERT INTO PEDIDO_PLATO (PEDIDO_ID,PLATO_ID,NUM_PLATOS) VALUES(3,01011,1);
INSERT INTO PEDIDO_PLATO (PEDIDO_ID,PLATO_ID,NUM_PLATOS) VALUES(3,01012,1);
INSERT INTO PEDIDO_PLATO (PEDIDO_ID,PLATO_ID,NUM_PLATOS) VALUES(3,01014,1);
INSERT INTO PEDIDO_PLATO (PEDIDO_ID,PLATO_ID,NUM_PLATOS) VALUES(3,01016,2);
INSERT INTO PEDIDO_PLATO (PEDIDO_ID,PLATO_ID,NUM_PLATOS) VALUES(3,01017,1);
INSERT INTO PEDIDO_PLATO (PEDIDO_ID,PLATO_ID,NUM_PLATOS) VALUES(3,01018,1);
INSERT INTO PEDIDO_PLATO (PEDIDO_ID,PLATO_ID,NUM_PLATOS) VALUES(3,01020,2);

INSERT INTO PEDIDO_PLATO (PEDIDO_ID,PLATO_ID,NUM_PLATOS) VALUES(4,02014,1);
INSERT INTO PEDIDO_PLATO (PEDIDO_ID,PLATO_ID,NUM_PLATOS) VALUES(4,02016,1);
INSERT INTO PEDIDO_PLATO (PEDIDO_ID,PLATO_ID,NUM_PLATOS) VALUES(5,02011,1);
INSERT INTO PEDIDO_PLATO (PEDIDO_ID,PLATO_ID,NUM_PLATOS) VALUES(5,02015,2);
INSERT INTO PEDIDO_PLATO (PEDIDO_ID,PLATO_ID,NUM_PLATOS) VALUES(5,02016,3);
INSERT INTO PEDIDO_PLATO (PEDIDO_ID,PLATO_ID,NUM_PLATOS) VALUES(6,02013,1);
INSERT INTO PEDIDO_PLATO (PEDIDO_ID,PLATO_ID,NUM_PLATOS) VALUES(6,02015,1);